N,x_max,weight_core,weight_osc,form,alpha,normalization,error
64,8.0,1.0,0.0,quadratic,0.5,none,26.91310412912847
64,8.0,1.0,0.0,quadratic,0.5,by_max_eig,30.654828853991596
64,8.0,1.0,0.0,quadratic,0.5,by_trace,30.66946963567941
64,8.0,1.0,0.0,quadratic,0.5,scale_first_to_zero1,250.68571911025623
64,8.0,1.0,0.0,quadratic,1.3333333333333335,none,26.774769447692016
64,8.0,1.0,0.0,quadratic,1.3333333333333335,by_max_eig,30.65427992982984
64,8.0,1.0,0.0,quadratic,1.3333333333333335,by_trace,30.669452870160125
64,8.0,1.0,0.0,quadratic,1.3333333333333335,scale_first_to_zero1,190.36830889942263
64,8.0,1.0,0.0,quadratic,2.166666666666667,none,26.639214059150554
64,8.0,1.0,0.0,quadratic,2.166666666666667,by_max_eig,30.653746745537823
64,8.0,1.0,0.0,quadratic,2.166666666666667,by_trace,30.669436494188616
64,8.0,1.0,0.0,quadratic,2.166666666666667,scale_first_to_zero1,159.07031466387002
64,8.0,1.0,0.0,quadratic,3.0,none,26.506488802626077
64,8.0,1.0,0.0,quadratic,3.0,by_max_eig,30.6532304896063
64,8.0,1.0,0.0,quadratic,3.0,by_trace,30.669420512683246
64,8.0,1.0,0.0,quadratic,3.0,scale_first_to_zero1,139.44786839393856
64,8.0,1.0,0.0,exponential,0.5,none,26.941207511582743
64,8.0,1.0,0.0,exponential,0.5,by_max_eig,30.654940432771244
64,8.0,1.0,0.0,exponential,0.5,by_trace,30.669473060939726
64,8.0,1.0,0.0,exponential,0.5,scale_first_to_zero1,283.2725926387797
64,8.0,1.0,0.0,exponential,1.3333333333333335,none,26.849056789109444
64,8.0,1.0,0.0,exponential,1.3333333333333335,by_max_eig,30.654573718481043
64,8.0,1.0,0.0,exponential,1.3333333333333335,by_trace,30.669461904168553
64,8.0,1.0,0.0,exponential,1.3333333333333335,scale_first_to_zero1,242.4228928133319
64,8.0,1.0,0.0,exponential,2.166666666666667,none,26.758834350350647
64,8.0,1.0,0.0,exponential,2.166666666666667,by_max_eig,30.65421715660212
64,8.0,1.0,0.0,exponential,2.166666666666667,by_trace,30.669451008533755
64,8.0,1.0,0.0,exponential,2.166666666666667,scale_first_to_zero1,219.14649459357233
64,8.0,1.0,0.0,exponential,3.0,none,26.670552986329874
64,8.0,1.0,0.0,exponential,3.0,by_max_eig,30.653871639890728
64,8.0,1.0,0.0,exponential,3.0,by_trace,30.669440374958096
64,8.0,1.0,0.0,exponential,3.0,scale_first_to_zero1,204.07989218337337
64,8.0,1.0,0.0,inverse,0.5,none,26.86471928564404
64,8.0,1.0,0.0,inverse,0.5,by_max_eig,30.654638099284163
64,8.0,1.0,0.0,inverse,0.5,by_trace,30.669463739205597
64,8.0,1.0,0.0,inverse,0.5,scale_first_to_zero1,181.61686948641466
64,8.0,1.0,0.0,inverse,1.3333333333333335,none,26.644694844085883
64,8.0,1.0,0.0,inverse,1.3333333333333335,by_max_eig,30.653767103351086
64,8.0,1.0,0.0,inverse,1.3333333333333335,by_trace,30.66943706084674
64,8.0,1.0,0.0,inverse,1.3333333333333335,scale_first_to_zero1,104.34882775215749
64,8.0,1.0,0.0,inverse,2.166666666666667,none,26.42610011234591
64,8.0,1.0,0.0,inverse,2.166666666666667,by_max_eig,30.652905451285125
64,8.0,1.0,0.0,inverse,2.166666666666667,by_trace,30.66941066029644
64,8.0,1.0,0.0,inverse,2.166666666666667,scale_first_to_zero1,73.01128725551231
64,8.0,1.0,0.0,inverse,3.0,none,26.208941041114656
64,8.0,1.0,0.0,inverse,3.0,by_max_eig,30.652053548457644
64,8.0,1.0,0.0,inverse,3.0,by_trace,30.66938453675373
64,8.0,1.0,0.0,inverse,3.0,scale_first_to_zero1,55.91133468946664
64,8.0,1.0,0.0,log,0.5,none,26.787096578579124
64,8.0,1.0,0.0,log,0.5,by_max_eig,30.65433116880896
64,8.0,1.0,0.0,log,0.5,by_trace,30.66945429076287
64,8.0,1.0,0.0,log,0.5,scale_first_to_zero1,130.37413617122183
64,8.0,1.0,0.0,log,1.3333333333333335,none,26.437056518683406
64,8.0,1.0,0.0,log,1.3333333333333335,by_max_eig,30.65294715244689
64,8.0,1.0,0.0,log,1.3333333333333335,by_trace,30.669411899404384
64,8.0,1.0,0.0,log,1.3333333333333335,scale_first_to_zero1,59.91405227681608
64,8.0,1.0,0.0,log,2.166666666666667,none,26.087636319708437
64,8.0,1.0,0.0,log,2.166666666666667,by_max_eig,30.65157031803456
64,8.0,1.0,0.0,log,2.166666666666667,by_trace,30.669369827281212
64,8.0,1.0,0.0,log,2.166666666666667,scale_first_to_zero1,35.836319326550374
64,8.0,1.0,0.0,log,3.0,none,25.738837441147925
64,8.0,1.0,0.0,log,3.0,by_max_eig,30.650200938013064
64,8.0,1.0,0.0,log,3.0,by_trace,30.669328071849908
64,8.0,1.0,0.0,log,3.0,scale_first_to_zero1,23.945447383675038
64,8.0,0.4915254237288136,0.01694915254237288,quadratic,0.5,none,28.471082512329062
64,8.0,0.4915254237288136,0.01694915254237288,quadratic,0.5,by_max_eig,30.652015282443568
64,8.0,0.4915254237288136,0.01694915254237288,quadratic,0.5,by_trace,30.669382971980998
64,8.0,0.4915254237288136,0.01694915254237288,quadratic,0.5,scale_first_to_zero1,69.5071436836075
64,8.0,0.4915254237288136,0.01694915254237288,quadratic,1.3333333333333335,none,28.4006174162704
64,8.0,0.4915254237288136,0.01694915254237288,quadratic,1.3333333333333335,by_max_eig,30.651442750091157
64,8.0,0.4915254237288136,0.01694915254237288,quadratic,1.3333333333333335,by_trace,30.669365785808573
64,8.0,0.4915254237288136,0.01694915254237288,quadratic,1.3333333333333335,scale_first_to_zero1,54.51161538482605
64,8.0,0.4915254237288136,0.01694915254237288,quadratic,2.166666666666667,none,28.331487433907505
64,8.0,0.4915254237288136,0.01694915254237288,quadratic,2.166666666666667,by_max_eig,30.650881304728987
64,8.0,0.4915254237288136,0.01694915254237288,quadratic,2.166666666666667,by_trace,30.66934898006447
64,8.0,0.4915254237288136,0.01694915254237288,quadratic,2.166666666666667,scale_first_to_zero1,45.84611366453773
64,8.0,0.4915254237288136,0.01694915254237288,quadratic,3.0,none,28.26371689653646
64,8.0,0.4915254237288136,0.01694915254237288,quadratic,3.0,by_max_eig,30.650331277358436
64,8.0,0.4915254237288136,0.01694915254237288,quadratic,3.0,by_trace,30.6693325595052
64,8.0,0.4915254237288136,0.01694915254237288,quadratic,3.0,scale_first_to_zero1,40.24894140169437
64,8.0,0.4915254237288136,0.01694915254237288,exponential,0.5,none,28.485194448743673
64,8.0,0.4915254237288136,0.01694915254237288,exponential,0.5,by_max_eig,30.65212941313881
64,8.0,0.4915254237288136,0.01694915254237288,exponential,0.5,by_trace,30.66938643365316
64,8.0,0.4915254237288136,0.01694915254237288,exponential,0.5,scale_first_to_zero1,74.13487328703425
64,8.0,0.4915254237288136,0.01694915254237288,exponential,1.3333333333333335,none,28.43793892309802
64,8.0,0.4915254237288136,0.01694915254237288,exponential,1.3333333333333335,by_max_eig,30.65174445942469
64,8.0,0.4915254237288136,0.01694915254237288,exponential,1.3333333333333335,by_trace,30.669374920129492
64,8.0,0.4915254237288136,0.01694915254237288,exponential,1.3333333333333335,scale_first_to_zero1,62.482476158748646
64,8.0,0.4915254237288136,0.01694915254237288,exponential,2.166666666666667,none,28.391615892590597
64,8.0,0.4915254237288136,0.01694915254237288,exponential,2.166666666666667,by_max_eig,30.65136714935022
64,8.0,0.4915254237288136,0.01694915254237288,exponential,2.166666666666667,by_trace,30.66936366293065
64,8.0,0.4915254237288136,0.01694915254237288,exponential,2.166666666666667,scale_first_to_zero1,55.21320445643765
64,8.0,0.4915254237288136,0.01694915254237288,exponential,3.0,none,28.346232055930752
64,8.0,0.4915254237288136,0.01694915254237288,exponential,3.0,by_max_eig,30.650997562124157
64,8.0,0.4915254237288136,0.01694915254237288,exponential,3.0,by_trace,30.669352663090677
64,8.0,0.4915254237288136,0.01694915254237288,exponential,3.0,scale_first_to_zero1,50.353695366178314
64,8.0,0.4915254237288136,0.01694915254237288,inverse,0.5,none,28.447536438908717
64,8.0,0.4915254237288136,0.01694915254237288,inverse,0.5,by_max_eig,30.651827563621254
64,8.0,0.4915254237288136,0.01694915254237288,inverse,0.5,by_trace,30.66937720274818
64,8.0,0.4915254237288136,0.01694915254237288,inverse,0.5,scale_first_to_zero1,61.808899430361635
64,8.0,0.4915254237288136,0.01694915254237288,inverse,1.3333333333333335,none,28.337330816133043
64,8.0,0.4915254237288136,0.01694915254237288,inverse,1.3333333333333335,by_max_eig,30.65093876897279
64,8.0,0.4915254237288136,0.01694915254237288,inverse,1.3333333333333335,by_trace,30.669350320717093
64,8.0,0.4915254237288136,0.01694915254237288,inverse,1.3333333333333335,scale_first_to_zero1,41.05360455707843
64,8.0,0.4915254237288136,0.01694915254237288,inverse,2.166666666666667,none,28.2278207419581
64,8.0,0.4915254237288136,0.01694915254237288,inverse,2.166666666666667,by_max_eig,30.650056678095737
64,8.0,0.4915254237288136,0.01694915254237288,inverse,2.166666666666667,by_trace,30.669323713786596
64,8.0,0.4915254237288136,0.01694915254237288,inverse,2.166666666666667,scale_first_to_zero1,29.684628276972767
64,8.0,0.4915254237288136,0.01694915254237288,inverse,3.0,none,28.119009271540016
64,8.0,0.4915254237288136,0.01694915254237288,inverse,3.0,by_max_eig,30.649181430691915
64,8.0,0.4915254237288136,0.01694915254237288,inverse,3.0,by_trace,30.669297381208295
64,8.0,0.4915254237288136,0.01694915254237288,inverse,3.0,scale_first_to_zero1,22.588211578013624
64,8.0,0.4915254237288136,0.01694915254237288,log,0.5,none,28.409781699170864
64,8.0,0.4915254237288136,0.01694915254237288,log,0.5,by_max_eig,30.651526973932192
64,8.0,0.4915254237288136,0.01694915254237288,log,0.5,by_trace,30.669367963503166
64,8.0,0.4915254237288136,0.01694915254237288,log,0.5,scale_first_to_zero1,54.482810181975
64,8.0,0.4915254237288136,0.01694915254237288,log,1.3333333333333335,none,28.23633842801946
64,8.0,0.4915254237288136,0.01694915254237288,log,1.3333333333333335,by_max_eig,30.65013643393507
64,8.0,0.4915254237288136,0.01694915254237288,log,1.3333333333333335,by_trace,30.66932571660087
64,8.0,0.4915254237288136,0.01694915254237288,log,1.3333333333333335,scale_first_to_zero1,30.959591319878147
64,8.0,0.4915254237288136,0.01694915254237288,log,2.166666666666667,none,28.063197198188114
64,8.0,0.4915254237288136,0.01694915254237288,log,2.166666666666667,by_max_eig,30.648751586394937
64,8.0,0.4915254237288136,0.01694915254237288,log,2.166666666666667,by_trace,30.669283785568673
64,8.0,0.4915254237288136,0.01694915254237288,log,2.166666666666667,scale_first_to_zero1,19.409390446898875
64,8.0,0.4915254237288136,0.01694915254237288,log,3.0,none,27.890358756826387
64,8.0,0.4915254237288136,0.01694915254237288,log,3.0,by_max_eig,30.647372454399623
64,8.0,0.4915254237288136,0.01694915254237288,log,3.0,by_trace,30.669242167914124
64,8.0,0.4915254237288136,0.01694915254237288,log,3.0,scale_first_to_zero1,12.791278071556833
64,15.0,1.0,0.0,quadratic,0.5,none,29.584370212547608
64,15.0,1.0,0.0,quadratic,0.5,by_max_eig,30.654572446980637
64,15.0,1.0,0.0,quadratic,0.5,by_trace,30.669461951221336
64,15.0,1.0,0.0,quadratic,0.5,scale_first_to_zero1,245.28865268690993
64,15.0,1.0,0.0,quadratic,1.3333333333333335,none,29.519299572687224
64,15.0,1.0,0.0,quadratic,1.3333333333333335,by_max_eig,30.653671086049854
64,15.0,1.0,0.0,quadratic,1.3333333333333335,by_trace,30.66943447918085
64,15.0,1.0,0.0,quadratic,1.3333333333333335,scale_first_to_zero1,190.23356456542095
64,15.0,1.0,0.0,quadratic,2.166666666666667,none,29.46045772180862
64,15.0,1.0,0.0,quadratic,2.166666666666667,by_max_eig,30.65288810433816
64,15.0,1.0,0.0,quadratic,2.166666666666667,by_trace,30.6694098807799
64,15.0,1.0,0.0,quadratic,2.166666666666667,scale_first_to_zero1,162.79484216812418
64,15.0,1.0,0.0,quadratic,3.0,none,29.40728709504983
64,15.0,1.0,0.0,quadratic,3.0,by_max_eig,30.652213582776753
64,15.0,1.0,0.0,quadratic,3.0,by_trace,30.66938789025071
64,15.0,1.0,0.0,quadratic,3.0,scale_first_to_zero1,145.290292821487
64,15.0,1.0,0.0,exponential,0.5,none,29.600250035113046
64,15.0,1.0,0.0,exponential,0.5,by_max_eig,30.654794320585932
64,15.0,1.0,0.0,exponential,0.5,by_trace,30.669468744387533
64,15.0,1.0,0.0,exponential,0.5,scale_first_to_zero1,298.31708272797346
64,15.0,1.0,0.0,exponential,1.3333333333333335,none,29.559736515254293
64,15.0,1.0,0.0,exponential,1.3333333333333335,by_max_eig,30.654227603676695
64,15.0,1.0,0.0,exponential,1.3333333333333335,by_trace,30.66945168698799
64,15.0,1.0,0.0,exponential,1.3333333333333335,scale_first_to_zero1,276.79578946141834
64,15.0,1.0,0.0,exponential,2.166666666666667,none,29.52316388825607
64,15.0,1.0,0.0,exponential,2.166666666666667,by_max_eig,30.653732231790315
64,15.0,1.0,0.0,exponential,2.166666666666667,by_trace,30.669436423380205
64,15.0,1.0,0.0,exponential,2.166666666666667,scale_first_to_zero1,266.85910786750895
64,15.0,1.0,0.0,exponential,3.0,none,29.490253749111897
64,15.0,1.0,0.0,exponential,3.0,by_max_eig,30.653308769318567
64,15.0,1.0,0.0,exponential,3.0,by_trace,30.66942282196949
64,15.0,1.0,0.0,exponential,3.0,scale_first_to_zero1,261.39231634932025
64,15.0,1.0,0.0,inverse,0.5,none,29.539699558991693
64,15.0,1.0,0.0,inverse,0.5,by_max_eig,30.65395247281035
64,15.0,1.0,0.0,inverse,0.5,by_trace,30.6694428148093
64,15.0,1.0,0.0,inverse,0.5,scale_first_to_zero1,123.1403148947463
64,15.0,1.0,0.0,inverse,1.3333333333333335,none,29.398153250841794
64,15.0,1.0,0.0,inverse,1.3333333333333335,by_max_eig,30.651995789792338
64,15.0,1.0,0.0,inverse,1.3333333333333335,by_trace,30.66938287312243
64,15.0,1.0,0.0,inverse,1.3333333333333335,scale_first_to_zero1,61.821162067348155
64,15.0,1.0,0.0,inverse,2.166666666666667,none,29.26052476949754
64,15.0,1.0,0.0,inverse,2.166666666666667,by_max_eig,30.650122709164826
64,15.0,1.0,0.0,inverse,2.166666666666667,by_trace,30.66932517527979
64,15.0,1.0,0.0,inverse,2.166666666666667,scale_first_to_zero1,41.30498018518167
64,15.0,1.0,0.0,inverse,3.0,none,29.126713976376443
64,15.0,1.0,0.0,inverse,3.0,by_max_eig,30.648330741525406
64,15.0,1.0,0.0,inverse,3.0,by_trace,30.669269648011195
64,15.0,1.0,0.0,inverse,3.0,scale_first_to_zero1,30.774962314881275
64,15.0,1.0,0.0,log,0.5,none,29.449835838898323
64,15.0,1.0,0.0,log,0.5,by_max_eig,30.652703851754794
64,15.0,1.0,0.0,log,0.5,by_trace,30.669404492077987
64,15.0,1.0,0.0,log,0.5,scale_first_to_zero1,54.49302272575091
64,15.0,1.0,0.0,log,1.3333333333333335,none,29.156833824409063
64,15.0,1.0,0.0,log,1.3333333333333335,by_max_eig,30.64865666651476
64,15.0,1.0,0.0,log,1.3333333333333335,by_trace,30.669281197721226
64,15.0,1.0,0.0,log,1.3333333333333335,scale_first_to_zero1,16.22314262077839
64,15.0,1.0,0.0,log,2.166666666666667,none,28.86568596912291
64,15.0,1.0,0.0,log,2.166666666666667,by_max_eig,30.644682207675533
64,15.0,1.0,0.0,log,2.166666666666667,by_trace,30.669160775111436
64,15.0,1.0,0.0,log,2.166666666666667,scale_first_to_zero1,7.080864215304787
64,15.0,1.0,0.0,log,3.0,none,28.57637425489905
64,15.0,1.0,0.0,log,3.0,by_max_eig,30.640782184766614
64,15.0,1.0,0.0,log,3.0,by_trace,30.669043144814317
64,15.0,1.0,0.0,log,3.0,scale_first_to_zero1,3.869847460726226
64,15.0,0.4915254237288136,0.01694915254237288,quadratic,0.5,none,29.14118530172039
64,15.0,0.4915254237288136,0.01694915254237288,quadratic,0.5,by_max_eig,30.62920667395148
64,15.0,0.4915254237288136,0.01694915254237288,quadratic,0.5,by_trace,30.668662111451262
64,15.0,0.4915254237288136,0.01694915254237288,quadratic,0.5,scale_first_to_zero1,40.438410453571294
64,15.0,0.4915254237288136,0.01694915254237288,quadratic,1.3333333333333335,none,29.089403917206916
64,15.0,0.4915254237288136,0.01694915254237288,quadratic,1.3333333333333335,by_max_eig,30.62782940414866
64,15.0,0.4915254237288136,0.01694915254237288,quadratic,1.3333333333333335,by_trace,30.668621848342514
64,15.0,0.4915254237288136,0.01694915254237288,quadratic,1.3333333333333335,scale_first_to_zero1,29.179003136053485
64,15.0,0.4915254237288136,0.01694915254237288,quadratic,2.166666666666667,none,29.040350390684452
64,15.0,0.4915254237288136,0.01694915254237288,quadratic,2.166666666666667,by_max_eig,30.626524973648973
64,15.0,0.4915254237288136,0.01694915254237288,quadratic,2.166666666666667,by_trace,30.66858404367895
64,15.0,0.4915254237288136,0.01694915254237288,quadratic,2.166666666666667,scale_first_to_zero1,22.88871634874726
64,15.0,0.4915254237288136,0.01694915254237288,quadratic,3.0,none,28.99408470416273
64,15.0,0.4915254237288136,0.01694915254237288,quadratic,3.0,by_max_eig,30.625294967584914
64,15.0,0.4915254237288136,0.01694915254237288,quadratic,3.0,by_trace,30.668548730278843
64,15.0,0.4915254237288136,0.01694915254237288,quadratic,3.0,scale_first_to_zero1,18.86753218063686
64,15.0,0.4915254237288136,0.01694915254237288,exponential,0.5,none,29.152064139483855
64,15.0,0.4915254237288136,0.01694915254237288,exponential,0.5,by_max_eig,30.629495119665876
64,15.0,0.4915254237288136,0.01694915254237288,exponential,0.5,by_trace,30.668670664281386
64,15.0,0.4915254237288136,0.01694915254237288,exponential,0.5,scale_first_to_zero1,43.874182306716065
64,15.0,0.4915254237288136,0.01694915254237288,exponential,1.3333333333333335,none,29.117727870620907
64,15.0,0.4915254237288136,0.01694915254237288,exponential,1.3333333333333335,by_max_eig,30.628580175852935
64,15.0,0.4915254237288136,0.01694915254237288,exponential,1.3333333333333335,by_trace,30.668643999304535
64,15.0,0.4915254237288136,0.01694915254237288,exponential,1.3333333333333335,scale_first_to_zero1,34.868080959846864
64,15.0,0.4915254237288136,0.01694915254237288,exponential,2.166666666666667,none,29.08519515019635
64,15.0,0.4915254237288136,0.01694915254237288,exponential,2.166666666666667,by_max_eig,30.62771329049002
64,15.0,0.4915254237288136,0.01694915254237288,exponential,2.166666666666667,by_trace,30.668618924596174
64,15.0,0.4915254237288136,0.01694915254237288,exponential,2.166666666666667,scale_first_to_zero1,29.447581174812235
64,15.0,0.4915254237288136,0.01694915254237288,exponential,3.0,none,29.05446360206351
64,15.0,0.4915254237288136,0.01694915254237288,exponential,3.0,by_max_eig,30.626894400258372
64,15.0,0.4915254237288136,0.01694915254237288,exponential,3.0,by_trace,30.668595430564206
64,15.0,0.4915254237288136,0.01694915254237288,exponential,3.0,scale_first_to_zero1,25.88283284590261
64,15.0,0.4915254237288136,0.01694915254237288,inverse,0.5,none,29.118710061146114
64,15.0,0.4915254237288136,0.01694915254237288,inverse,0.5,by_max_eig,30.628624875369
64,15.0,0.4915254237288136,0.01694915254237288,inverse,0.5,by_trace,30.668644737156846
64,15.0,0.4915254237288136,0.01694915254237288,inverse,0.5,scale_first_to_zero1,35.28942108447828
64,15.0,0.4915254237288136,0.01694915254237288,inverse,1.3333333333333335,none,29.02871639652607
64,15.0,0.4915254237288136,0.01694915254237288,inverse,1.3333333333333335,by_max_eig,30.62626056422943
64,15.0,0.4915254237288136,0.01694915254237288,inverse,1.3333333333333335,by_trace,30.66857519970338
64,15.0,0.4915254237288136,0.01694915254237288,inverse,1.3333333333333335,scale_first_to_zero1,20.293808435297056
64,15.0,0.4915254237288136,0.01694915254237288,inverse,2.166666666666667,none,28.94044959609191
64,15.0,0.4915254237288136,0.01694915254237288,inverse,2.166666666666667,by_max_eig,30.623945713203586
64,15.0,0.4915254237288136,0.01694915254237288,inverse,2.166666666666667,by_trace,30.6685076678419
64,15.0,0.4915254237288136,0.01694915254237288,inverse,2.166666666666667,scale_first_to_zero1,12.290769096337765
64,15.0,0.4915254237288136,0.01694915254237288,inverse,3.0,none,28.853923118047337
64,15.0,0.4915254237288136,0.01694915254237288,inverse,3.0,by_max_eig,30.62168057031639
64,15.0,0.4915254237288136,0.01694915254237288,inverse,3.0,by_trace,30.668442127949586
64,15.0,0.4915254237288136,0.01694915254237288,inverse,3.0,scale_first_to_zero1,7.450753511477716
64,15.0,0.4915254237288136,0.01694915254237288,log,0.5,none,29.07778092909558
64,15.0,0.4915254237288136,0.01694915254237288,log,0.5,by_max_eig,30.627590913006223
64,15.0,0.4915254237288136,0.01694915254237288,log,0.5,by_trace,30.66861355923148
64,15.0,0.4915254237288136,0.01694915254237288,log,0.5,scale_first_to_zero1,30.626403657402506
64,15.0,0.4915254237288136,0.01694915254237288,log,1.3333333333333335,none,28.91884632794271
64,15.0,0.4915254237288136,0.01694915254237288,log,1.3333333333333335,by_max_eig,30.62350053208673
64,15.0,0.4915254237288136,0.01694915254237288,log,1.3333333333333335,by_trace,30.668492533405665
64,15.0,0.4915254237288136,0.01694915254237288,log,1.3333333333333335,scale_first_to_zero1,14.14821204728946
64,15.0,0.4915254237288136,0.01694915254237288,log,2.166666666666667,none,28.76072155229228
64,15.0,0.4915254237288136,0.01694915254237288,log,2.166666666666667,by_max_eig,30.61945559597224
64,15.0,0.4915254237288136,0.01694915254237288,log,2.166666666666667,by_trace,30.66837406701535
64,15.0,0.4915254237288136,0.01694915254237288,log,2.166666666666667,scale_first_to_zero1,6.30726775093726
64,15.0,0.4915254237288136,0.01694915254237288,log,3.0,none,28.60341218273875
64,15.0,0.4915254237288136,0.01694915254237288,log,3.0,by_max_eig,30.615455854515297
64,15.0,0.4915254237288136,0.01694915254237288,log,3.0,by_trace,30.66825810497169
64,15.0,0.4915254237288136,0.01694915254237288,log,3.0,scale_first_to_zero1,2.4388177857847504
128,8.0,1.0,0.0,quadratic,0.5,none,26.775285510718064
128,8.0,1.0,0.0,quadratic,0.5,by_max_eig,30.66608714441756
128,8.0,1.0,0.0,quadratic,0.5,by_trace,30.669881169400263
128,8.0,1.0,0.0,quadratic,0.5,scale_first_to_zero1,254.70728235609306
128,8.0,1.0,0.0,quadratic,1.3333333333333335,none,26.640896002600304
128,8.0,1.0,0.0,quadratic,1.3333333333333335,by_max_eig,30.665954595032694
128,8.0,1.0,0.0,quadratic,1.3333333333333335,by_trace,30.669879110658634
128,8.0,1.0,0.0,quadratic,1.3333333333333335,scale_first_to_zero1,194.09004367739124
128,8.0,1.0,0.0,quadratic,2.166666666666667,none,26.508953257027365
128,8.0,1.0,0.0,quadratic,2.166666666666667,by_max_eig,30.665824710246184
128,8.0,1.0,0.0,quadratic,2.166666666666667,by_trace,30.669877090954834
128,8.0,1.0,0.0,quadratic,2.166666666666667,scale_first_to_zero1,162.11295964374452
128,8.0,1.0,0.0,quadratic,3.0,none,26.379496370994687
128,8.0,1.0,0.0,quadratic,3.0,by_max_eig,30.665697590983687
128,8.0,1.0,0.0,quadratic,3.0,by_trace,30.66987511085752
128,8.0,1.0,0.0,quadratic,3.0,scale_first_to_zero1,141.93094580523876
128,8.0,1.0,0.0,exponential,0.5,none,26.803272261030095
128,8.0,1.0,0.0,exponential,0.5,by_max_eig,30.666114749676304
128,8.0,1.0,0.0,exponential,0.5,by_trace,30.669881598749797
128,8.0,1.0,0.0,exponential,0.5,scale_first_to_zero1,287.00604031588193
128,8.0,1.0,0.0,exponential,1.3333333333333335,none,26.71489423677967
128,8.0,1.0,0.0,exponential,1.3333333333333335,by_max_eig,30.66602752145976
128,8.0,1.0,0.0,exponential,1.3333333333333335,by_trace,30.669880245264512
128,8.0,1.0,0.0,exponential,1.3333333333333335,scale_first_to_zero1,246.35956773702475
128,8.0,1.0,0.0,exponential,2.166666666666667,none,26.62814770000422
128,8.0,1.0,0.0,exponential,2.166666666666667,by_max_eig,30.665942033518107
128,8.0,1.0,0.0,exponential,2.166666666666667,by_trace,30.669878917556268
128,8.0,1.0,0.0,exponential,2.166666666666667,scale_first_to_zero1,222.63503700688534
128,8.0,1.0,0.0,exponential,3.0,none,26.543044085612152
128,8.0,1.0,0.0,exponential,3.0,by_max_eig,30.665858342896108
128,8.0,1.0,0.0,exponential,3.0,by_trace,30.669877615785566
128,8.0,1.0,0.0,exponential,3.0,scale_first_to_zero1,207.0566262244042
128,8.0,1.0,0.0,inverse,0.5,none,26.726080710566997
128,8.0,1.0,0.0,inverse,0.5,by_max_eig,30.66603869614151
128,8.0,1.0,0.0,inverse,0.5,by_trace,30.669880414412916
128,8.0,1.0,0.0,inverse,0.5,scale_first_to_zero1,185.58441239342932
128,8.0,1.0,0.0,inverse,1.3333333333333335,none,26.50872836223336
128,8.0,1.0,0.0,inverse,1.3333333333333335,by_max_eig,30.665824467478462
128,8.0,1.0,0.0,inverse,1.3333333333333335,by_trace,30.669877084030475
128,8.0,1.0,0.0,inverse,1.3333333333333335,scale_first_to_zero1,107.32642856550882
128,8.0,1.0,0.0,inverse,2.166666666666667,none,26.29259976077775
128,8.0,1.0,0.0,inverse,2.166666666666667,by_max_eig,30.66561165578672
128,8.0,1.0,0.0,inverse,2.166666666666667,by_trace,30.66987377557417
128,8.0,1.0,0.0,inverse,2.166666666666667,scale_first_to_zero1,75.22721219932778
128,8.0,1.0,0.0,inverse,3.0,none,26.077700646527965
128,8.0,1.0,0.0,inverse,3.0,by_max_eig,30.665400289007074
128,8.0,1.0,0.0,inverse,3.0,by_trace,30.669870489102706
128,8.0,1.0,0.0,inverse,3.0,scale_first_to_zero1,57.639334955413986
128,8.0,1.0,0.0,log,0.5,none,26.647854135556308
128,8.0,1.0,0.0,log,0.5,by_max_eig,30.665961616712202
128,8.0,1.0,0.0,log,0.5,by_trace,30.669879214572433
128,8.0,1.0,0.0,log,0.5,scale_first_to_zero1,133.99466898909085
128,8.0,1.0,0.0,log,1.3333333333333335,none,26.299571713878343
128,8.0,1.0,0.0,log,1.3333333333333335,by_max_eig,30.665618448588212
128,8.0,1.0,0.0,log,1.3333333333333335,by_trace,30.66987387950642
128,8.0,1.0,0.0,log,1.3333333333333335,scale_first_to_zero1,62.20857406248939
128,8.0,1.0,0.0,log,2.166666666666667,none,25.951818536056223
128,8.0,1.0,0.0,log,2.166666666666667,by_max_eig,30.665276085352676
128,8.0,1.0,0.0,log,2.166666666666667,by_trace,30.66986856011597
128,8.0,1.0,0.0,log,2.166666666666667,scale_first_to_zero1,37.45136495128489
128,8.0,1.0,0.0,log,3.0,none,25.604596069595395
128,8.0,1.0,0.0,log,3.0,by_max_eig,30.664934543860753
128,8.0,1.0,0.0,log,3.0,by_trace,30.669863256390652
128,8.0,1.0,0.0,log,3.0,scale_first_to_zero1,25.153308004773237
128,8.0,0.4915254237288136,0.01694915254237288,quadratic,0.5,none,28.405606473495034
128,8.0,0.4915254237288136,0.01694915254237288,quadratic,0.5,by_max_eig,30.665386694655723
128,8.0,0.4915254237288136,0.01694915254237288,quadratic,0.5,by_trace,30.669870265518963
128,8.0,0.4915254237288136,0.01694915254237288,quadratic,0.5,scale_first_to_zero1,71.23784722130962
128,8.0,0.4915254237288136,0.01694915254237288,quadratic,1.3333333333333335,none,28.33731935264305
128,8.0,0.4915254237288136,0.01694915254237288,quadratic,1.3333333333333335,by_max_eig,30.665249460628253
128,8.0,0.4915254237288136,0.01694915254237288,quadratic,1.3333333333333335,by_trace,30.66986814300709
128,8.0,0.4915254237288136,0.01694915254237288,quadratic,1.3333333333333335,scale_first_to_zero1,56.4274802102466
128,8.0,0.4915254237288136,0.01694915254237288,quadratic,2.166666666666667,none,28.27020955737731
128,8.0,0.4915254237288136,0.01694915254237288,quadratic,2.166666666666667,by_max_eig,30.66511460772169
128,8.0,0.4915254237288136,0.01694915254237288,quadratic,2.166666666666667,by_trace,30.66986605871962
128,8.0,0.4915254237288136,0.01694915254237288,quadratic,2.166666666666667,scale_first_to_zero1,47.65668574738203
128,8.0,0.4915254237288136,0.01694915254237288,quadratic,3.0,none,28.204295986595486
128,8.0,0.4915254237288136,0.01694915254237288,quadratic,3.0,by_max_eig,30.664982181844458
128,8.0,0.4915254237288136,0.01694915254237288,quadratic,3.0,by_trace,30.66986401321513
128,8.0,0.4915254237288136,0.01694915254237288,quadratic,3.0,scale_first_to_zero1,41.90457815163753
128,8.0,0.4915254237288136,0.01694915254237288,exponential,0.5,none,28.419647381051288
128,8.0,0.4915254237288136,0.01694915254237288,exponential,0.5,by_max_eig,30.66541487919133
128,8.0,0.4915254237288136,0.01694915254237288,exponential,0.5,by_trace,30.669870702584483
128,8.0,0.4915254237288136,0.01694915254237288,exponential,0.5,scale_first_to_zero1,75.799506079324
128,8.0,0.4915254237288136,0.01694915254237288,exponential,1.3333333333333335,none,28.37445988549552
128,8.0,0.4915254237288136,0.01694915254237288,exponential,1.3333333333333335,by_max_eig,30.66532400532466
128,8.0,0.4915254237288136,0.01694915254237288,exponential,1.3333333333333335,by_trace,30.66986929848232
128,8.0,0.4915254237288136,0.01694915254237288,exponential,1.3333333333333335,scale_first_to_zero1,64.4557607367466
128,8.0,0.4915254237288136,0.01694915254237288,exponential,2.166666666666667,none,28.330061255279823
128,8.0,0.4915254237288136,0.01694915254237288,exponential,2.166666666666667,by_max_eig,30.66523472104938
128,8.0,0.4915254237288136,0.01694915254237288,exponential,2.166666666666667,by_trace,30.66986791973093
128,8.0,0.4915254237288136,0.01694915254237288,exponential,2.166666666666667,scale_first_to_zero1,57.19806871236962
128,8.0,0.4915254237288136,0.01694915254237288,exponential,3.0,none,28.286457349394663
128,8.0,0.4915254237288136,0.01694915254237288,exponential,3.0,by_max_eig,30.66514703971107
128,8.0,0.4915254237288136,0.01694915254237288,exponential,3.0,by_trace,30.669866566498335
128,8.0,0.4915254237288136,0.01694915254237288,exponential,3.0,scale_first_to_zero1,52.25692444511697
128,8.0,0.4915254237288136,0.01694915254237288,inverse,0.5,none,28.38163956398693
128,8.0,0.4915254237288136,0.01694915254237288,inverse,0.5,by_max_eig,30.665338753228664
128,8.0,0.4915254237288136,0.01694915254237288,inverse,0.5,by_trace,30.66986951950402
128,8.0,0.4915254237288136,0.01694915254237288,inverse,0.5,scale_first_to_zero1,63.357346600498474
128,8.0,0.4915254237288136,0.01694915254237288,inverse,1.3333333333333335,none,28.272953007592633
128,8.0,0.4915254237288136,0.01694915254237288,inverse,1.3333333333333335,by_max_eig,30.665120742761047
128,8.0,0.4915254237288136,0.01694915254237288,inverse,1.3333333333333335,by_trace,30.66986614079236
128,8.0,0.4915254237288136,0.01694915254237288,inverse,1.3333333333333335,scale_first_to_zero1,42.600198690607726
128,8.0,0.4915254237288136,0.01694915254237288,inverse,2.166666666666667,none,28.164861623690747
128,8.0,0.4915254237288136,0.01694915254237288,inverse,2.166666666666667,by_max_eig,30.66490399382095
128,8.0,0.4915254237288136,0.01694915254237288,inverse,2.166666666666667,by_trace,30.669862783820108
128,8.0,0.4915254237288136,0.01694915254237288,inverse,2.166666666666667,scale_first_to_zero1,31.058412759272194
128,8.0,0.4915254237288136,0.01694915254237288,inverse,3.0,none,28.057368287531066
128,8.0,0.4915254237288136,0.01694915254237288,inverse,3.0,by_max_eig,30.664688519787433
128,8.0,0.4915254237288136,0.01694915254237288,inverse,3.0,by_trace,30.669859448647827
128,8.0,0.4915254237288136,0.01694915254237288,inverse,3.0,scale_first_to_zero1,23.77207721496346
128,8.0,0.4915254237288136,0.01694915254237288,log,0.5,none,28.34354827449371
128,8.0,0.4915254237288136,0.01694915254237288,log,0.5,by_max_eig,30.665262583776308
128,8.0,0.4915254237288136,0.01694915254237288,log,0.5,by_trace,30.669868334319236
128,8.0,0.4915254237288136,0.01694915254237288,log,0.5,scale_first_to_zero1,55.885107518112136
128,8.0,0.4915254237288136,0.01694915254237288,log,1.3333333333333335,none,28.17110787960258
128,8.0,0.4915254237288136,0.01694915254237288,log,1.3333333333333335,by_max_eig,30.664917194480736
128,8.0,0.4915254237288136,0.01694915254237288,log,1.3333333333333335,by_trace,30.669862975449135
128,8.0,0.4915254237288136,0.01694915254237288,log,1.3333333333333335,scale_first_to_zero1,32.21350669831589
128,8.0,0.4915254237288136,0.01694915254237288,log,2.166666666666667,none,27.998925264418215
128,8.0,0.4915254237288136,0.01694915254237288,log,2.166666666666667,by_max_eig,30.664572523344113
128,8.0,0.4915254237288136,0.01694915254237288,log,2.166666666666667,by_trace,30.669857632191288
128,8.0,0.4915254237288136,0.01694915254237288,log,2.166666666666667,scale_first_to_zero1,20.446989585075396
128,8.0,0.4915254237288136,0.01694915254237288,log,3.0,none,27.827001160189077
128,8.0,0.4915254237288136,0.01694915254237288,log,3.0,by_max_eig,30.664228573637338
128,8.0,0.4915254237288136,0.01694915254237288,log,3.0,by_trace,30.669852304535716
128,8.0,0.4915254237288136,0.01694915254237288,log,3.0,scale_first_to_zero1,13.667056597436341
128,15.0,1.0,0.0,quadratic,0.5,none,29.547147198991116
128,15.0,1.0,0.0,quadratic,0.5,by_max_eig,30.666030531900972
128,15.0,1.0,0.0,quadratic,0.5,by_trace,30.669880294792744
128,15.0,1.0,0.0,quadratic,0.5,scale_first_to_zero1,249.24510290625489
128,15.0,1.0,0.0,quadratic,1.3333333333333335,none,29.485454794432208
128,15.0,1.0,0.0,quadratic,1.3333333333333335,by_max_eig,30.665816653217615
128,15.0,1.0,0.0,quadratic,1.3333333333333335,by_trace,30.669876977139385
128,15.0,1.0,0.0,quadratic,1.3333333333333335,scale_first_to_zero1,193.05520380484006
128,15.0,1.0,0.0,quadratic,2.166666666666667,none,29.42878097009674
128,15.0,1.0,0.0,quadratic,2.166666666666667,by_max_eig,30.665621719267133
128,15.0,1.0,0.0,quadratic,2.166666666666667,by_trace,30.669873936126706
128,15.0,1.0,0.0,quadratic,2.166666666666667,scale_first_to_zero1,164.73459036981097
128,15.0,1.0,0.0,quadratic,3.0,none,29.376768493650683
128,15.0,1.0,0.0,quadratic,3.0,by_max_eig,30.665444560586874
128,15.0,1.0,0.0,quadratic,3.0,by_trace,30.669871151861607
128,15.0,1.0,0.0,quadratic,3.0,scale_first_to_zero1,146.71617634613904
128,15.0,1.0,0.0,exponential,0.5,none,29.562695410189985
128,15.0,1.0,0.0,exponential,0.5,by_max_eig,30.666084511917067
128,15.0,1.0,0.0,exponential,0.5,by_trace,30.669881133622944
128,15.0,1.0,0.0,exponential,0.5,scale_first_to_zero1,302.1660097851805
128,15.0,1.0,0.0,exponential,1.3333333333333335,none,29.52528066775494
128,15.0,1.0,0.0,exponential,1.3333333333333335,by_max_eig,30.665954518446647
128,15.0,1.0,0.0,exponential,1.3333333333333335,by_trace,30.669879123116942
128,15.0,1.0,0.0,exponential,1.3333333333333335,scale_first_to_zero1,280.33490252207366
128,15.0,1.0,0.0,exponential,2.166666666666667,none,29.490931048467715
128,15.0,1.0,0.0,exponential,2.166666666666667,by_max_eig,30.66583585581903
128,15.0,1.0,0.0,exponential,2.166666666666667,by_trace,30.669877280859104
128,15.0,1.0,0.0,exponential,2.166666666666667,scale_first_to_zero1,269.6324275677094
128,15.0,1.0,0.0,exponential,3.0,none,29.45949224488223
128,15.0,1.0,0.0,exponential,3.0,by_max_eig,30.665728339946835
128,15.0,1.0,0.0,exponential,3.0,by_trace,30.669875598260994
128,15.0,1.0,0.0,exponential,3.0,scale_first_to_zero1,263.53276554921433
128,15.0,1.0,0.0,inverse,0.5,none,29.501610530659395
128,15.0,1.0,0.0,inverse,0.5,by_max_eig,30.66587270102754
128,15.0,1.0,0.0,inverse,0.5,by_trace,30.66987783622019
128,15.0,1.0,0.0,inverse,0.5,scale_first_to_zero1,126.34829729421794
128,15.0,1.0,0.0,inverse,1.3333333333333335,none,29.362443558925953
128,15.0,1.0,0.0,inverse,1.3333333333333335,by_max_eig,30.66539075405281
128,15.0,1.0,0.0,inverse,1.3333333333333335,by_trace,30.66987034480204
128,15.0,1.0,0.0,inverse,1.3333333333333335,scale_first_to_zero1,63.488016011785035
128,15.0,1.0,0.0,inverse,2.166666666666667,none,29.226490342776486
128,15.0,1.0,0.0,inverse,2.166666666666667,by_max_eig,30.664921567025935
128,15.0,1.0,0.0,inverse,2.166666666666667,by_trace,30.669863044004966
128,15.0,1.0,0.0,inverse,2.166666666666667,scale_first_to_zero1,42.35549985346491
128,15.0,1.0,0.0,inverse,3.0,none,29.093710909147674
128,15.0,1.0,0.0,inverse,3.0,by_max_eig,30.66446496193042
128,15.0,1.0,0.0,inverse,3.0,by_trace,30.669855931043628
128,15.0,1.0,0.0,inverse,3.0,scale_first_to_zero1,31.516582909541366
128,15.0,1.0,0.0,log,0.5,none,29.411125518297702
128,15.0,1.0,0.0,log,0.5,by_max_eig,30.665559016655425
128,15.0,1.0,0.0,log,0.5,by_trace,30.669872956876937
128,15.0,1.0,0.0,log,0.5,scale_first_to_zero1,56.634666349011006
128,15.0,1.0,0.0,log,1.3333333333333335,none,29.119789469625097
128,15.0,1.0,0.0,log,1.3333333333333335,by_max_eig,30.66455046048972
128,15.0,1.0,0.0,log,1.3333333333333335,by_trace,30.669857298770943
128,15.0,1.0,0.0,log,1.3333333333333335,scale_first_to_zero1,17.158077062817572
128,15.0,1.0,0.0,log,2.166666666666667,none,28.82997848877634
128,15.0,1.0,0.0,log,2.166666666666667,by_max_eig,30.66354998372576
128,15.0,1.0,0.0,log,2.166666666666667,by_trace,30.6698417886197
128,15.0,1.0,0.0,log,2.166666666666667,scale_first_to_zero1,7.560956703293634
128,15.0,1.0,0.0,log,3.0,none,28.54168868437076
128,15.0,1.0,0.0,log,3.0,by_max_eig,30.662557714978952
128,15.0,1.0,0.0,log,3.0,by_trace,30.669826425287837
128,15.0,1.0,0.0,log,3.0,scale_first_to_zero1,4.1270543693841955
128,15.0,0.4915254237288136,0.01694915254237288,quadratic,0.5,none,29.11251518102636
128,15.0,0.4915254237288136,0.01694915254237288,quadratic,0.5,by_max_eig,30.659116247183512
128,15.0,0.4915254237288136,0.01694915254237288,quadratic,0.5,by_trace,30.669772067898315
128,15.0,0.4915254237288136,0.01694915254237288,quadratic,0.5,scale_first_to_zero1,40.19041554081547
128,15.0,0.4915254237288136,0.01694915254237288,quadratic,1.3333333333333335,none,29.06493276506063
128,15.0,0.4915254237288136,0.01694915254237288,quadratic,1.3333333333333335,by_max_eig,30.658785693005804
128,15.0,0.4915254237288136,0.01694915254237288,quadratic,1.3333333333333335,by_trace,30.6697669974333
128,15.0,0.4915254237288136,0.01694915254237288,quadratic,1.3333333333333335,scale_first_to_zero1,29.567111021494703
128,15.0,0.4915254237288136,0.01694915254237288,quadratic,2.166666666666667,none,29.01956502247608
128,15.0,0.4915254237288136,0.01694915254237288,quadratic,2.166666666666667,by_max_eig,30.658470542133582
128,15.0,0.4915254237288136,0.01694915254237288,quadratic,2.166666666666667,by_trace,30.669762173378924
128,15.0,0.4915254237288136,0.01694915254237288,quadratic,2.166666666666667,scale_first_to_zero1,23.35963083182135
128,15.0,0.4915254237288136,0.01694915254237288,quadratic,3.0,none,28.976446836425122
128,15.0,0.4915254237288136,0.01694915254237288,quadratic,3.0,by_max_eig,30.658171036293787
128,15.0,0.4915254237288136,0.01694915254237288,quadratic,3.0,by_trace,30.669757599088197
128,15.0,0.4915254237288136,0.01694915254237288,quadratic,3.0,scale_first_to_zero1,19.293134783357434
128,15.0,0.4915254237288136,0.01694915254237288,exponential,0.5,none,29.123056066141892
128,15.0,0.4915254237288136,0.01694915254237288,exponential,0.5,by_max_eig,30.65918941225408
128,15.0,0.4915254237288136,0.01694915254237288,exponential,0.5,by_trace,30.66977319461088
128,15.0,0.4915254237288136,0.01694915254237288,exponential,0.5,scale_first_to_zero1,43.42005500435332
128,15.0,0.4915254237288136,0.01694915254237288,exponential,1.3333333333333335,none,29.09239238957886
128,15.0,0.4915254237288136,0.01694915254237288,exponential,1.3333333333333335,by_max_eig,30.658976277759493
128,15.0,0.4915254237288136,0.01694915254237288,exponential,1.3333333333333335,by_trace,30.669769928692613
128,15.0,0.4915254237288136,0.01694915254237288,exponential,1.3333333333333335,scale_first_to_zero1,35.13845602871401
128,15.0,0.4915254237288136,0.01694915254237288,exponential,2.166666666666667,none,29.06309581044604
128,15.0,0.4915254237288136,0.01694915254237288,exponential,2.166666666666667,by_max_eig,30.658772645575052
128,15.0,0.4915254237288136,0.01694915254237288,exponential,2.166666666666667,by_trace,30.669766813874922
128,15.0,0.4915254237288136,0.01694915254237288,exponential,2.166666666666667,scale_first_to_zero1,29.912518724332937
128,15.0,0.4915254237288136,0.01694915254237288,exponential,3.0,none,29.035171345422377
128,15.0,0.4915254237288136,0.01694915254237288,exponential,3.0,by_max_eig,30.658578550570127
128,15.0,0.4915254237288136,0.01694915254237288,exponential,3.0,by_trace,30.669763850523275
128,15.0,0.4915254237288136,0.01694915254237288,exponential,3.0,scale_first_to_zero1,26.367902990124776
128,15.0,0.4915254237288136,0.01694915254237288,inverse,0.5,none,29.08949606397556
128,15.0,0.4915254237288136,0.01694915254237288,inverse,0.5,by_max_eig,30.658957442654447
128,15.0,0.4915254237288136,0.01694915254237288,inverse,0.5,by_trace,30.669769614968025
128,15.0,0.4915254237288136,0.01694915254237288,inverse,0.5,scale_first_to_zero1,35.00209294811028
128,15.0,0.4915254237288136,0.01694915254237288,inverse,1.3333333333333335,none,29.00291365480726
128,15.0,0.4915254237288136,0.01694915254237288,inverse,1.3333333333333335,by_max_eig,30.658357982710278
128,15.0,0.4915254237288136,0.01694915254237288,inverse,1.3333333333333335,by_trace,30.66976039822343
128,15.0,0.4915254237288136,0.01694915254237288,inverse,1.3333333333333335,scale_first_to_zero1,20.570965408432272
128,15.0,0.4915254237288136,0.01694915254237288,inverse,2.166666666666667,none,28.917723295890422
128,15.0,0.4915254237288136,0.01694915254237288,inverse,2.166666666666667,by_max_eig,30.657768429809053
128,15.0,0.4915254237288136,0.01694915254237288,inverse,2.166666666666667,by_trace,30.669751352046763
128,15.0,0.4915254237288136,0.01694915254237288,inverse,2.166666666666667,scale_first_to_zero1,12.647669987633723
128,15.0,0.4915254237288136,0.01694915254237288,inverse,3.0,none,28.83394187209497
128,15.0,0.4915254237288136,0.01694915254237288,inverse,3.0,by_max_eig,30.65718889545593
128,15.0,0.4915254237288136,0.01694915254237288,inverse,3.0,by_trace,30.669742477723574
128,15.0,0.4915254237288136,0.01694915254237288,inverse,3.0,scale_first_to_zero1,7.7645780053416065
128,15.0,0.4915254237288136,0.01694915254237288,log,0.5,none,29.047864788895357
128,15.0,0.4915254237288136,0.01694915254237288,log,0.5,by_max_eig,30.65867201047031
128,15.0,0.4915254237288136,0.01694915254237288,log,0.5,by_trace,30.669765195810285
128,15.0,0.4915254237288136,0.01694915254237288,log,0.5,scale_first_to_zero1,30.352014121457376
128,15.0,0.4915254237288136,0.01694915254237288,log,1.3333333333333335,none,28.89131796402236
128,15.0,0.4915254237288136,0.01694915254237288,log,1.3333333333333335,by_max_eig,30.657593951997097
128,15.0,0.4915254237288136,0.01694915254237288,log,1.3333333333333335,by_trace,30.66974858992374
128,15.0,0.4915254237288136,0.01694915254237288,log,1.3333333333333335,scale_first_to_zero1,14.346011179074726
128,15.0,0.4915254237288136,0.01694915254237288,log,2.166666666666667,none,28.73542881898364
128,15.0,0.4915254237288136,0.01694915254237288,log,2.166666666666667,by_max_eig,30.656522121195735
128,15.0,0.4915254237288136,0.01694915254237288,log,2.166666666666667,by_trace,30.669732123321456
128,15.0,0.4915254237288136,0.01694915254237288,log,2.166666666666667,scale_first_to_zero1,6.553668363272467
128,15.0,0.4915254237288136,0.01694915254237288,log,3.0,none,28.58020370635998
128,15.0,0.4915254237288136,0.01694915254237288,log,3.0,by_max_eig,30.655456547820645
128,15.0,0.4915254237288136,0.01694915254237288,log,3.0,by_trace,30.669715795833575
128,15.0,0.4915254237288136,0.01694915254237288,log,3.0,scale_first_to_zero1,2.5938561069499344
